"81","Old pick charge person","282"
"84","Room free foreign","491"
"14","Because blood suffer perform","55"
"95","Large blood stay","864"
"56","Hope develop","636"
"86","Everyone nothing size significant","519"
"14","Attention its game","742"
"71","Bad continue","945"
"13","The care according","332"
"34","Health if family","519"
"33","Production decision","231"
"57","Even investment","857"
"22","Mouth capital surface quite seat","924"
"18","Nature Democrat case medical","67"
"98","Tonight score but talk","493"
"10","Dream home under guess","733"
"34","Energy significant cause service","872"
"36","Event firm against instead training","846"
"30","Seek how dark begin movie","85"
"18","Anyone president explain town","10"
"72","College dark","976"
"46","Pattern picture nature audience wrong","13"
"72","Commercial capital seek give","53"
"38","Country cut environment edge","286"
"71","Commercial generation without","62"
"19","None deep natural","893"
"52","Low Republican since present guy","692"
"72","Second way","624"
"47","Success former","391"
"44","Catch which","849"
"90","Around station set arrive","921"
"44","Friend nice easy still","258"
"40","Glass child","75"
"32","Doctor bed gas voice structure","946"
"41","Seat collection face stuff","764"
"69","Number PM notice key","952"
"84","True feel","278"
"18","Today seven lose","934"
"93","Hotel forget region do worker","565"
"22","Phone long","875"
"27","Feeling talk single term choice","894"
"53","Sure certainly four several","632"
"65","Republican inside continue break","341"
"65","Skill truth","599"
"54","Glass him force","666"
"46","Trip foot face","193"
"41","Skill behind light","650"
"79","Task tell store","809"
"92","Force hour","862"
"18","Occur institution give ago","120"
"16","Month president everyone","276"
"43","Billion popular including power thought","113"
"14","Hundred step dinner produce","269"
"5","Health avoid area kid","50"
"71","Quality reflect best week","575"
"90","Everyone large close","963"
"16","Control prepare shoulder","280"
"54","Blue media","651"
"54","Person off tree","771"
"43","Ahead something article","124"
"52","Choose simple","610"
"52","Since matter hear","535"
"70","Through wall bit measure","367"
"47","Subject space analysis","745"
"67","Pretty buy wind nice","419"
"53","Type feeling grow his","116"
"57","Mean political many","372"
"43","Meeting half wait","18"
"70","Majority make","905"
"18","Article officer clearly practice","735"
"57","Wrong hour continue young nothing","230"
"65","Small agency upon","372"
"52","Require hit provide","639"
"51","Daughter nearly","472"
"71","Show especially","336"
"57","Suffer off yourself marriage","749"
"53","Management past fine miss","725"
"43","Parent activity break","773"
"44","In general successful","559"
"72","Meeting half wait","151"
"94","Bit nation reach","654"
"38","Mr attack section on","979"
"53","Possible chance manage position","17"
"37","Ahead something article","795"
"98","Prepare finish nothing","268"
"43","Modern itself expect","20"
"90","Computer common those","687"
"53","White go simply find","847"
"76","Quite if bill","55"
"10","Agent reason she","131"
"57","Eight light she store","448"
"38","Run compare face","127"
"84","Modern fear","558"
"54","Receive happen","392"
"36","Health avoid area kid","845"
"47","Impact agreement","489"
"53","Indeed only stop force offer","583"
"51","Rest treat head you","967"
"17","Commercial capital seek give","492"
"52","Anything my myself all Republican","752"
"70","Bit nation reach","511"
"5","Our organization subject","441"
"41","Station past serious cause","283"
"17","Indicate occur with second","707"
"14","Such no","34"
"59","Time those single professor","322"
"13","Many ball add century","18"
"30","Order record","665"
"82","Art green manage","699"
"32","Two speech head","329"
"98","Street perform drop","688"
"93","Decade them do clear sport","107"
"57","And star individual decision","118"
"92","To stop get tell","886"
"27","Through wall bit measure","389"
"59","Million cell material","435"
"17","As new near month","413"
"8","Result television everyone check check","798"
"30","Game tax operation stuff exactly","565"
"17","Born upon","348"
"72","In attorney raise past upon","361"
"31","This line able","183"
"76","Sing quality relationship","447"
"30","Service structure","362"
"82","Management before agent ok","607"
"4","Expert open expect","361"
"98","List amount between how","989"
"86","Natural month account control","724"
"92","Big morning next glass","454"
"13","Standard daughter Mr impact","599"
"43","Quite if bill","469"
"71","Actually born energy think","51"
"37","Capital outside","183"
"46","Scientist challenge visit ahead same","455"
"0","Event firm against instead training","709"
"46","Evidence music around other","927"
"38","Future wait cut","507"
"93","Effort near red number","680"
"92","Population worry remember teacher","752"
"30","Interest program","837"
"53","Improve clearly though","655"
"54","Unit gas personal","376"
"70","Recently human toward something daughter","867"
"54","Pattern picture nature audience wrong","76"
"57","She event majority painting nothing","793"
"76","Require hit provide","765"
"93","Candidate recent professional professional remain","507"
"65","Agree great","828"
"40","Special current each","87"
"52","Imagine catch","802"
"51","Consumer wind trial act how","340"
"84","Relate matter after year","887"
"10","Indicate occur with second","350"
"40","Audience long structure computer","860"
"38","Tonight fight study","699"
"81","Player family will against say","479"
"47","Dog beautiful study generation","880"
"82","Than what","117"
"2","Out four political","105"
"92","Agency which impact parent","319"
"77","Happen nor","780"
"33","Trip song sure","41"
"20","Inside cup her on","787"
"24","Gas hold pressure firm","389"
"53","Large important word effect","934"
"41","Space cultural large before","526"
"44","Skill behind light","284"
"69","Such make mention center act","671"
"46","Beyond better current bed building","904"
"2","Trip song sure","93"
"18","And star individual decision","957"
"70","Take many","887"
"56","Phone long","815"
"13","Concern happen resource","39"
"34","Manager entire doctor whole","167"
"51","Industry first road significant","427"
"19","Party three","926"
"41","Son thus paper level","69"
"82","Hit doctor both","506"
"27","Hotel rest rather along","841"
"27","Short attack would","150"
"38","A international main minute here","581"
"24","Music time option rich","427"
"76","Nature candidate month technology","470"
"31","Rock short hard","25"
"84","Make include brother","226"
"14","Together bar really","930"
"2","Support significant stay occur","769"
"59","Sense well left former trial","680"
"77","Around similar room","632"
"14","Very move create close way","699"
"51","Try society fund event","52"
"14","Boy involve tonight third","251"
"92","Ability picture manager product shake","241"
"20","Effort near red number","758"
"70","Bill outside from","516"
"18","Despite fact find want quite","44"
"5","Drop research","486"
"5","Local whether","224"
"9","Imagine catch","366"
"76","Catch network message","77"
"33","Media him number","230"
"0","Attack teacher interest","82"
"46","Establish where change","505"
"67","Quickly involve of service","874"
"27","Effect force research","840"
"79","According piece","587"
"33","Despite street","822"
"17","Wife despite work","316"
"27","Glass him force","190"
"93","Say talk","300"
"44","Open important","143"
"22","Season similar she","959"
"44","Black everyone official up","521"
"67","Very move create close way","626"
"34","Order record","77"
"92","Whether past couple","887"
"72","Result bed","406"
"94","Role partner management room safe","462"
"70","Field play small control","202"
"34","Usually until hit unit skill","550"
"56","Law support major","947"
"34","Reduce citizen no","388"
"38","Back offer subject particular","302"
"57","Shake least rise lawyer","294"
"98","Into weight peace","839"
"76","Fund rest relate","908"
"52","Sister media","403"
"81","Wish give form","381"
"72","Make time since","102"
"59","Once case media special before","556"
"10","Treatment American fill design along","578"
"8","Account want indeed article","514"
"31","Tell choose new recognize","894"
"34","Year way personal group condition","931"
"13","Computer challenge kid","205"
"67","Best mention","953"
"27","Education notice campaign size effort","407"
"22","Maybe figure off reason","223"
"10","Few likely area economy social","846"
"69","Country cut environment edge","531"
"95","Sing quality relationship","582"
"57","Water just seem how","186"
"34","Common civil notice","99"
"53","Wife item hear allow","556"
"33","American next author program","192"
"94","Whatever light","964"
"4","Catch network message","63"
"5","Describe between loss goal sea","26"
"71","New yes question stock","841"
"2","Skill behind light","200"
"41","Century choice may decision month","476"
"57","Same former picture western","26"
"43","Include positive join plant ever","214"
"36","Up magazine significant seat song","479"
"33","Make rather from company","422"
"81","Social author line light","464"
"52","Fund thank","874"
"52","Hope power hour","809"
"27","Realize animal back","153"
"10","Price sort manager","692"
"17","Although establish","184"
"51","Agent matter mother seem","447"
"2","As difference pattern realize","376"
"54","Painting whole road point feeling","40"
"94","Protect lay","435"
"8","Feel push entire hand during","532"
"5","Series western threat","459"
"27","Public include return","862"
"0","Right together coach production","120"
"9","Two speech head","168"
"44","Effect force research","441"
"70","Me protect toward ok trade","299"
"14","Before century","535"
"41","Somebody hold","387"
"37","Actually born energy think","27"
"94","Modern fear","237"
"18","Official anything","409"
"94","School true center","652"
"98","Choice summer action","481"
"84","Pass bill cover thank","98"
"57","Ever impact","51"
"36","Cover factor really agency arrive","229"
"90","Performance still same degree strong","748"
"14","Choose simple","745"
"90","Feeling talk single term choice","220"
"65","Best mention","548"
"43","Century choice may decision month","980"
"10","Put entire PM able","338"
"31","Future wait cut","393"
"5","Themselves color music coach television","312"
"44","Future wait cut","186"
"30","Represent now various","254"
"0","Energy pick return civil","97"
"54","Part way unit","709"
"32","Draw per fight role peace","245"
"18","Everything discuss above court finish","358"
"56","Which tonight song hot","500"
