"0","tamaramorrison@hotmail.com","pbkdf2:sha256:260000$1GvmeoAkcWb89TyU$5f711eafb243c1c1a884715dd9bd6d185f29ccd3dab59ad19cc201a7260091cb","Gary","Cross","Unit 5938 Box 2421
DPO AP 33335","","6402581.39","1"
"1","woodtina@gmail.com","pbkdf2:sha256:260000$1GvmeoAkcWb89TyU$5f711eafb243c1c1a884715dd9bd6d185f29ccd3dab59ad19cc201a7260091cb","Antonio","Logan","220 Rachael Village
Masseyhaven, KY 68893","KY","1986121.06","0"
"2","rpage@hotmail.com","Interest","Joshua","Taylor","1314 Graham Circle
Williamsville, UT 51786","UT","9359680.69","1"
"3","monica23@yahoo.com","Act","Suzanne","Marsh","900 Nguyen Villages Suite 063
Port Jessicatown, MO 89435","MO","1486670.19","0"
"4","ryanhoward@gmail.com","Weight","Jaime","Villegas","94568 Kelly Neck
North Kyle, PR 69058","PR","5645903.24","1"
"5","berryerika@hotmail.com","Ball","Charles","Scott","Unit 3921 Box 3765
DPO AP 20336","","8020479.82","1"
"6","vmendez@hotmail.com","Fine","Heather","Johnson","02489 Cook Park
Sherriport, WI 53987","WI","8467168.17","0"
"7","aaronhopkins@hotmail.com","Finally","Amanda","Griffin","67537 Clarke Club
North Toddtown, NC 87861","NC","3963504.79","0"
"8","daniel92@hotmail.com","Crime","Patrick","Thomas","03557 Phillips Wells Suite 291
New Beverlyburgh, MS 19758","MS","8242479.71","1"
"9","april98@hotmail.com","Book","Andrew","Scott","3407 Smith Hills
Port Tiffanyport, ND 80344","ND","4410979.71","1"
"10","fsimmons@yahoo.com","Stuff","April","Nelson","9728 Gomez Mountains Suite 377
Trevorton, NV 39846","NV","2106624.18","1"
"11","hstevens@gmail.com","Bit","Jesus","Nguyen","94918 Wise Knoll
Ellishaven, TN 85502","TN","8871953.5","0"
"12","taylorjamie@yahoo.com","Easy","Mitchell","Payne","23732 Michael Island Suite 184
Lake Kenneth, NV 67876","NV","7865809.45","0"
"13","allenalexander@hotmail.com","Tend","Daniel","Edwards","957 Parker Forges
Lake Natasha, AS 97149","AS","670076.86","1"
"14","kelly27@gmail.com","Commercial","Stephanie","Newton","566 Robert Greens
Maloneshire, PW 16569","PW","7897368.03","1"
"15","chadboyle@yahoo.com","Next","Tiffany","Cox","PSC 8708, Box 9840
APO AA 52282","","1823845.5","0"
"16","parkertravis@yahoo.com","Imagine","Jonathan","Simon","64488 Branch Field Suite 208
Port Donna, WY 74331","WY","4677347.56","1"
"17","roberta27@hotmail.com","Beautiful","Jesus","Kent","8201 Ward Cliff Apt. 187
West Sarahtown, MD 51966","MD","8811063.52","1"
"18","copelandchristopher@yahoo.com","Alone","James","Howard","512 Schaefer Falls Apt. 059
North Robert, AR 92099","AR","1656481.34","1"
"19","tammy66@gmail.com","Down","Paula","Rodriguez","395 Timothy Road
Williamsbury, SC 37407","SC","9839097.24","1"
"20","garyclark@gmail.com","Central","Eddie","Reynolds","973 Williams Islands
Maynardville, ND 06886","ND","8793758.52","1"
"21","lbaker@gmail.com","Value","Heidi","Sharp","PSC 5858, Box 2684
APO AE 50120","","4734800.88","0"
"22","joannestuart@gmail.com","Would","Brian","Kennedy","9148 Pierce Lock
Bakerbury, ND 48253","ND","2140092.2","1"
"23","andersonlorraine@hotmail.com","Sit","Kathryn","Tucker","55645 Saunders Station Suite 174
South Ericbury, WA 25003","WA","5004607.98","0"
"24","jonalvarez@gmail.com","Here","Steven","Harrison","PSC 6706, Box 3609
APO AA 04243","","7014686.22","1"
"25","qmyers@yahoo.com","Audience","Amy","Sanchez","25059 Katie Mountain
Byrdchester, NM 25673","NM","1573942.21","0"
"26","mosesalison@yahoo.com","Shoulder","Pamela","Allen","006 Christopher Loop Suite 830
New Dawn, NM 40953","NM","9364797.87","0"
"27","wendysteele@gmail.com","Politics","Whitney","Austin","630 Baker Crescent
Kellyborough, WA 71505","WA","7498821.16","1"
"28","preyes@gmail.com","Thank","Amy","Price","48015 Brennan Tunnel Suite 019
West Lindaburgh, VT 36585","VT","1960849.24","0"
"29","brendayang@gmail.com","Much","Ryan","Brown","4667 Frank Walk Suite 332
Port Kevin, FL 24917","FL","8687727.62","0"
"30","craigdiane@gmail.com","Theory","David","Turner","5548 Anderson Neck
New Randy, NJ 40008","NJ","9343169.31","1"
"31","williamsalexis@gmail.com","Image","Kayla","Hansen","020 Gomez Fords
Gonzalezburgh, WY 23938","WY","8416203.66","1"
"32","mary59@gmail.com","Despite","Margaret","Moore","36009 Anderson Street
Richardside, AR 97847","AR","2725894.82","1"
"33","rdominguez@hotmail.com","White","David","Johnson","681 Douglas Locks Suite 212
North Patrick, OK 15689","OK","293079.0","1"
"34","hbrown@gmail.com","Source","Edward","Hill","Unit 9286 Box 6356
DPO AA 32039","","2857516.94","1"
"35","joylowe@yahoo.com","Memory","Chad","Bridges","098 Sosa Viaduct
New Jimmyton, WY 13015","WY","5782647.15","0"
"36","sandygarcia@gmail.com","Oil","Dalton","Fritz","315 Nelson Plain Suite 348
Jonesfurt, DE 77833","DE","6193625.92","1"
"37","nbaker@gmail.com","Letter","Erica","Vega","3037 April Forest Apt. 237
Davisview, MP 85561","MP","9836231.92","1"
"38","joel44@gmail.com","Listen","Daniel","Davis","73800 Steven Green
Jacquelinefurt, GA 31642","GA","282003.86","1"
"39","joshua18@hotmail.com","A","Paige","Barr","04164 Todd Mountains
Zacharyberg, PA 65697","PA","1551002.61","0"
"40","bmorris@yahoo.com","Story","Nathaniel","Perez","8276 Dakota Coves Suite 348
New Kimberlyland, CT 71903","CT","7547938.35","1"
"41","michaelcoleman@yahoo.com","Rest","James","Newman","958 Antonio Loop Suite 750
New James, NM 17740","NM","2434786.21","1"
"42","nancyparrish@yahoo.com","Pay","Preston","Dawson","032 Destiny Springs
Leonardburgh, LA 52517","LA","1495217.37","0"
"43","joshuagreen@gmail.com","Whose","Kenneth","Long","17611 Robbins Mission
New Curtis, PR 49326","PR","7049505.8","1"
"44","timothysantana@hotmail.com","Week","Robin","Gregory","19356 Susan Trail Suite 850
Jesseton, WV 55699","WV","9887616.14","1"
"45","tracysosa@yahoo.com","Security","Rhonda","Vaughan","26673 Brown Estate Apt. 421
West Gregory, KS 68869","KS","5636637.62","0"
"46","charles27@yahoo.com","Such","Zachary","Diaz","221 Lee Burg
Ruizshire, NC 07125","NC","8701572.46","1"
"47","wpark@yahoo.com","Radio","James","Washington","997 Thompson Shore
Frankstad, TN 93999","TN","8681364.64","1"
"48","yolandabraun@gmail.com","Single","Scott","Lawrence","715 Robles Hollow Suite 025
South Jeremy, IN 09044","IN","5173679.2","0"
"49","samanthawhite@gmail.com","Yeah","Stephanie","Stewart","310 Jessica Tunnel Suite 689
Paulaborough, MO 94836","MO","9934614.04","0"
"50","websterrandy@gmail.com","Learn","Laura","Morrison","2108 Jacqueline Course
New Derrickshire, IL 85185","IL","9498696.21","0"
"51","obarr@hotmail.com","Administration","Samantha","Morgan","055 Tiffany Points Suite 709
Port Donald, OH 74865","OH","5602120.38","1"
"52","alexander65@gmail.com","The","Linda","Jackson","15624 Page Road Apt. 601
South Robert, CA 89184","CA","8230553.97","1"
"53","ashleylewis@gmail.com","Sometimes","Ashley","Glenn","PSC 6063, Box 6974
APO AE 23504","","3474017.97","1"
"54","jacobgray@hotmail.com","Half","Michelle","Estrada","USS Sherman
FPO AA 21774","","9703107.83","1"
"55","omills@gmail.com","But","Ashley","Long","86852 Lauren Heights
Gordonport, IA 71147","IA","5747745.85","0"
"56","edwardsryan@gmail.com","Apply","Albert","Oconnor","2052 William Rest
North Jessica, MH 74153","MH","7048183.04","1"
"57","sydney84@yahoo.com","Whom","Jerry","Smith","17463 Jessica Mission Apt. 202
North Mitchellton, TN 29917","TN","6304628.34","1"
"58","luis49@hotmail.com","Television","Jordan","Green","390 Andrew Summit
Rodrigueztown, NM 97594","NM","3747830.27","0"
"59","wilkinsamber@yahoo.com","Owner","Raymond","Carpenter","3106 Conner Rue
West Anthonytown, NH 33274","NH","5287562.57","1"
"60","alopez@yahoo.com","Citizen","Megan","MD","436 Brian Trafficway Apt. 295
North Bob, ND 21817","ND","2785768.71","0"
"61","reneewalker@hotmail.com","Trade","Joann","Johnston","32979 Hopkins Radial Apt. 052
South Robertshire, AS 12916","AS","2721923.1","0"
"62","pamela20@gmail.com","Than","Antonio","Berry","209 Sandoval Manors Suite 424
Greenbury, WY 61048","WY","3919658.6","0"
"63","davistimothy@yahoo.com","Economy","Jonathan","Lewis","98335 Thomas Wells
North Danaborough, FM 54464","FM","1480871.67","0"
"64","mcbridebradley@yahoo.com","Pressure","Jeremy","Costa","152 Garcia Mission
Lake Thomas, WY 63283","WY","7408285.13","0"
"65","tonya31@yahoo.com","Blue","Natalie","Lamb","12128 Jesse Rapids Suite 630
Rosalesbury, DC 52119","DC","2603850.68","1"
"66","jonathanbennett@yahoo.com","Company","Debra","Oliver","1977 Traci Route Apt. 844
South Philliptown, PA 21844","PA","8964890.9","0"
"67","patricklopez@hotmail.com","Large","Jessica","Wilson","PSC 5439, Box 0541
APO AP 79270","","2989508.04","1"
"68","jamiemartin@gmail.com","Animal","Megan","Richardson","PSC 9380, Box 3786
APO AE 73092","","841618.24","0"
"69","lnoble@gmail.com","Authority","Christian","Smith","093 Tucker Creek Suite 175
New Bonnie, WY 13756","WY","5065656.65","1"
"70","snyderlauren@gmail.com","Base","Tiffany","Kim","5727 Brown Rue Apt. 928
Dianaburgh, VA 01057","VA","3975812.52","1"
"71","woodsamantha@yahoo.com","At","Samantha","Rodriguez","322 Jones Heights Suite 684
North Nathan, MO 16295","MO","4388155.6","1"
"72","qbyrd@yahoo.com","Now","Rhonda","Blanchard","8122 Mary Corners Suite 860
Jasonshire, OK 26949","OK","6761375.87","1"
"73","berrysarah@hotmail.com","Could","Karen","Herrera","45901 Salas Plaza
North Spencer, CA 31605","CA","4859991.86","0"
"74","prollins@hotmail.com","Friend","Jaclyn","Sanders","9981 Barbara Run Apt. 777
Rogerton, AZ 96563","AZ","1245481.71","0"
"75","zpayne@hotmail.com","Health","Rebecca","Henry","542 Deborah Park Apt. 279
North Kylemouth, VA 35586","VA","8314591.38","0"
"76","froberts@yahoo.com","Require","Wendy","MD","Unit 8839 Box 8318
DPO AA 15966","","6006607.08","1"
"77","conleyjennifer@yahoo.com","Machine","Dale","Brock","Unit 2979 Box 9685
DPO AA 70478","","1621411.23","1"
"78","russell73@gmail.com","Standard","Thomas","Austin","91382 Johnson Valley
Karenchester, MI 30198","MI","2061168.5","0"
"79","jasonlozano@gmail.com","Again","Edward","DDS","80262 Robert Isle Apt. 701
East Aliciaville, OH 94706","OH","6192248.71","1"
"80","charlesgreen@yahoo.com","Cell","Colleen","Gomez","5900 Brittany Mountains Suite 378
West Johnbury, MP 98995","MP","1165627.55","0"
"81","jeffreysmith@gmail.com","Like","Samantha","Parrish","Unit 4211 Box 3983
DPO AE 17727","","3115187.83","1"
"82","huntjeffrey@yahoo.com","Part","Brittany","Galloway","0210 Collins Cliffs
Port Christopherbury, AS 77579","AS","3197472.22","1"
"83","tammy52@hotmail.com","Career","William","Collins","3234 Curtis Pine
Lucaschester, IL 71533","IL","4453372.73","0"
"84","sandra22@hotmail.com","Reality","Cory","Bowman","403 Green Common
Wilsonside, NM 98475","NM","5334967.34","1"
"85","denisepeterson@hotmail.com","Government","Denise","Burch","48747 Lee Ford
South Timothy, FM 21911","FM","8251825.67","0"
"86","brianna61@hotmail.com","Class","Anthony","Lopez","55833 Tiffany Passage
New Tracy, MN 23322","MN","5720292.11","1"
"87","lorimccullough@hotmail.com","Generation","Edward","Andrade","0345 Kramer Islands Apt. 110
Michelleberg, WA 07375","WA","5975935.46","0"
"88","claytonperry@yahoo.com","Long","Kevin","Edwards","Unit 9698 Box 2203
DPO AE 77307","","9431768.08","0"
"89","anthony13@hotmail.com","Mr","Eric","Robinson","842 Rivera Crest
Nealport, OH 90670","OH","6039503.84","0"
"90","courtneysmith@gmail.com","Trouble","Shannon","Smith","965 Garrett Plaza
South Eric, PA 04936","PA","6525060.93","1"
"91","yolanda44@gmail.com","Individual","Patrick","Cox","799 Hudson Village Apt. 242
Scottshire, CO 41264","CO","2370119.64","0"
"92","barry05@yahoo.com","Foreign","Spencer","Brooks","USS Smith
FPO AA 44205","","7534439.59","1"
"93","cynthia69@gmail.com","Notice","Caroline","Diaz","PSC 7107, Box 6342
APO AP 63172","","5929302.76","1"
"94","nancyhardy@gmail.com","Follow","Emily","Ferrell","05624 Dakota Turnpike
Port Kyleport, WA 18870","WA","2110149.79","1"
"95","smithdavid@gmail.com","Catch","Paula","Stout","6308 Carroll Park
South Chelsea, NY 67064","NY","7586567.73","1"
"96","rachael90@yahoo.com","Central","Jennifer","Gomez","727 Wright Creek
Toddhaven, TN 93741","TN","6938915.3","0"
"97","mgonzalez@gmail.com","Name","Matthew","Miller","920 Richard Circle Apt. 963
Smithfurt, NC 71380","NC","1791569.36","0"
"98","bradleysmith@gmail.com","Left","Tammy","Romero","65409 Mills Summit
Deannamouth, WI 34502","WI","2790223.53","1"
"99","davidnguyen@gmail.com","Year","Hailey","Beltran","3847 Brandon Harbors Suite 299
Andradeport, PW 50728","PW","6400.37","0"
